Index,Name,Id,pw,userType
1,관리자,30001,31,3
2,김기락,20001,21,2
3,이슬,20002,22,2
4,성민정,20003,23,2
5,김정현,20004,24,2
6,조정식,20005,25,2
7,김철수,10001,11,1
8,김미래,10002,12,1
9,이다정,10003,13,1
10,신지호,10004,14,1
11,김민재,10005,15,1
12,이지은,10006,16,1
13,박서연,10007,17,1
14,최현우,10008,18,1
15,정하늘,10009,19,1
16,공주영,10010,110,1
17,임지민,10011,111,1
18,유재하,10012,112,1
19,송지호,10013,113,1
20,한소희,10014,114,1
21,오민수,10015,115,1
22,차예린,10016,116,1
23,강재훈,10017,117,1
24,배수진,10018,118,1
25,문상혁,10019,119,1
26,김시원,10020,120,1
27,고나영,10021,121,1
28,김도현,10022,122,1
29,박희진,10023,123,1
30,장원영,10024,124,1
31,차은우,10025,125,1
32,정해인,10026,126,1
33,김유리,10027,127,1
34,이다희,10028,128,1
35,조자영,10029,129,1
36,정혜윤,10030,130,1
37,서지영,10031,131,1
38,김태령,10032,132,1
39,이승현,10033,133,1
40,정유나,10034,134,1
41,윤재원,10035,135,1
42,서지혜,10036,136,1
43,나윤정,10037,137,1
44,이한빛,10038,138,1
